customer_id,full_name,email,loyalty_tier,created_at
1,Allison Hill,donaldgarcia@example.net,Bronze,2025-11-22T10:47:15
2,Angie Henderson,davisjesse@example.net,Bronze,2025-05-19T10:47:15
3,Cristian Santos,lrobinson@example.com,Silver,2025-03-11T10:47:15
4,Abigail Shaffer,jpeterson@example.org,Bronze,2025-10-05T10:47:15
5,Gabrielle Davis,howardmaurice@example.com,Bronze,2025-08-03T10:47:15
6,Monica Herrera,smiller@example.net,Bronze,2025-02-15T10:47:15
7,Shannon Ray,williamsjeremy@example.com,Silver,2025-09-14T10:47:15
8,Dr. Sharon James,xreid@example.org,Bronze,2025-10-13T10:47:15
9,Daniel Adams,lynchgeorge@example.net,Bronze,2025-10-05T10:47:15
10,Joel Nelson,gabriellecameron@example.org,Silver,2025-08-16T10:47:15
11,Andrew Stewart,carl95@example.org,Gold,2025-01-02T10:47:15
12,Jennifer Rocha,ithomas@example.org,Silver,2025-03-21T10:47:15
13,Kimberly Burgess,zhurst@example.com,Bronze,2025-06-22T10:47:15
14,Zachary Hicks,camposmichelle@example.org,Platinum,2025-04-19T10:47:15
15,Rebecca Henderson,cruzcaitlin@example.com,Bronze,2025-06-20T10:47:15
16,Tricia Valencia,frazierdanny@example.net,Bronze,2025-07-12T10:47:15
17,Patricia Peterson,ryan70@example.net,Silver,2025-06-24T10:47:15
18,Deborah Mason,williamrodriguez@example.net,Silver,2025-01-21T10:47:15
19,Mark Lynch,nathanielmartin@example.net,Bronze,2025-09-30T10:47:15
20,Linda Burns,hickmannatasha@example.com,Bronze,2025-07-11T10:47:15
21,David Bradley,millertodd@example.org,Gold,2025-05-29T10:47:15
22,Kim Martinez,karroyo@example.com,Gold,2025-11-11T10:47:15
23,Lisa Brandt,jenniferross@example.net,Silver,2025-07-03T10:47:15
24,Jessica Holmes,wrightcaleb@example.org,Bronze,2025-02-03T10:47:15
25,Crystal Robinson,zimmermanbrian@example.org,Gold,2025-04-25T10:47:15
26,Shannon Jones,joshuawashington@example.net,Gold,2025-02-08T10:47:15
27,Timothy Duncan,esanchez@example.com,Bronze,2025-02-19T10:47:15
28,Brent Jordan,ujenkins@example.org,Silver,2025-08-19T10:47:15
29,Victoria Garcia,zchandler@example.org,Bronze,2025-07-04T10:47:15
30,Connor West,dwhite@example.org,Bronze,2025-06-29T10:47:15
31,Angela Morton,williamsyvette@example.org,Silver,2025-05-15T10:47:15
32,Tammy Allison,richardolson@example.com,Silver,2025-02-04T10:47:15
33,Carmen Smith,ybaker@example.com,Silver,2025-03-27T10:47:15
34,Michael Cross,smoore@example.org,Bronze,2025-05-04T10:47:15
35,Lauren Daniels,brian97@example.net,Bronze,2025-07-12T10:47:15
36,Kim Brown,yorkcasey@example.org,Silver,2025-11-22T10:47:15
37,Cynthia Wilson,bethwilliams@example.org,Silver,2025-04-21T10:47:15
38,Kevin Mills,james53@example.com,Bronze,2025-01-27T10:47:15
39,Michael Evans,sarah10@example.com,Gold,2025-01-15T10:47:15
40,Kristine Garcia,williamanderson@example.com,Bronze,2025-07-23T10:47:15
41,Sherry Wood,samueldaniels@example.com,Gold,2025-04-17T10:47:15
42,Victoria Valdez,contrerasangela@example.net,Gold,2025-10-16T10:47:15
43,Shawn Baker,newtoneric@example.com,Bronze,2025-06-09T10:47:15
44,Michelle Harris,william40@example.org,Bronze,2025-09-11T10:47:15
45,Sandra Williams,kellie42@example.net,Silver,2025-11-24T10:47:15
46,Michael Hoffman,jonesnicole@example.org,Bronze,2025-05-14T10:47:15
47,Sandra Aguilar,russellwilliams@example.com,Silver,2025-10-13T10:47:15
48,Rebecca Valencia,jason31@example.com,Bronze,2025-10-25T10:47:15
49,Stacey Russell,sarayoung@example.org,Bronze,2025-10-24T10:47:15
50,Rita Keith,whitesandra@example.com,Platinum,2025-04-21T10:47:15
51,Sharon Cochran,erik16@example.org,Silver,2025-03-10T10:47:15
52,Courtney Velasquez,ybailey@example.org,Gold,2025-02-14T10:47:15
53,Matthew Ross,michelle45@example.net,Bronze,2025-02-24T10:47:15
54,Meghan Anthony,sheila14@example.org,Gold,2025-03-21T10:47:15
55,Victoria Johnson,yreed@example.com,Silver,2025-08-03T10:47:15
56,William Wilson,jonathanfletcher@example.org,Bronze,2025-07-15T10:47:15
57,Renee Mcdaniel,michaeljones@example.net,Silver,2025-08-26T10:47:15
58,Lisa Alvarado,cortezkevin@example.com,Gold,2025-10-09T10:47:15
59,Erika Terry,jamesortega@example.com,Silver,2025-01-04T10:47:15
60,Stephanie Gilbert,richard04@example.com,Silver,2025-02-26T10:47:15
61,Richard Lawson,steven73@example.net,Gold,2025-09-30T10:47:15
62,Steven Flynn,donnacampbell@example.net,Bronze,2025-11-23T10:47:15
63,Frances Cardenas,emilywalker@example.org,Bronze,2025-05-29T10:47:15
64,Angel Riggs,gibsonolivia@example.net,Bronze,2025-08-19T10:47:15
65,Michael Snyder,dylanwatts@example.org,Platinum,2025-05-13T10:47:15
66,Colleen Brock,pwilliams@example.org,Silver,2025-03-31T10:47:15
67,Robert Contreras,stephanie79@example.net,Gold,2025-02-22T10:47:15
68,Jessica Meadows,vmerritt@example.com,Gold,2025-05-31T10:47:15
69,Paul Larsen,katie87@example.net,Silver,2025-09-15T10:47:15
70,Jeremiah Reeves,josephflores@example.net,Bronze,2025-03-18T10:47:15
71,Chris Reyes,jasminebrown@example.com,Silver,2025-03-22T10:47:15
72,John Brown,xprice@example.net,Gold,2025-09-27T10:47:15
73,Alicia Gilmore,wwoods@example.com,Bronze,2025-11-01T10:47:15
74,Sarah Ashley,vmedina@example.net,Bronze,2025-01-08T10:47:15
75,Stephanie Freeman,ryan06@example.com,Gold,2025-07-03T10:47:15
76,Rebecca Ramsey,ncalhoun@example.net,Bronze,2025-06-05T10:47:15
77,James Elliott,millerroy@example.com,Gold,2025-05-02T10:47:15
78,David Murphy,wmurphy@example.com,Bronze,2025-02-08T10:47:15
79,Trevor Fisher,ruizkaitlyn@example.org,Gold,2025-09-04T10:47:15
80,Mrs. Marie Harrington DDS,herringjames@example.org,Gold,2025-09-28T10:47:15
81,Cynthia Wells,elliottjeffery@example.net,Silver,2025-03-05T10:47:15
82,Jacob Obrien,stricklandfrank@example.com,Bronze,2025-10-07T10:47:15
83,Alexander Collins,tsanders@example.org,Gold,2025-09-26T10:47:15
84,Michael Burton,terrykevin@example.net,Platinum,2025-08-03T10:47:15
85,Barbara Riggs,reedross@example.com,Gold,2025-10-02T10:47:15
86,Matthew Smith,gshort@example.com,Silver,2025-04-11T10:47:15
87,Madison Poole,ryangross@example.net,Platinum,2025-07-22T10:47:15
88,Robert Medina,umarshall@example.net,Bronze,2025-07-09T10:47:15
89,Samuel Rivas,ramirezshannon@example.com,Silver,2025-09-20T10:47:15
90,Mary Rogers,lrosales@example.com,Bronze,2025-05-05T10:47:15
91,Robert Peterson,angela83@example.org,Bronze,2025-06-21T10:47:15
92,Jason Peters,hannahbrewer@example.com,Bronze,2025-10-09T10:47:15
93,Alan Phillips,tholt@example.net,Bronze,2025-04-21T10:47:15
94,Kara Schmidt,jbarajas@example.com,Bronze,2025-11-18T10:47:15
95,Jesse Parker,davidlee@example.org,Gold,2025-02-02T10:47:15
96,Tiffany Vaughn,javierwashington@example.net,Bronze,2025-06-17T10:47:15
97,Paige Carlson,wallkenneth@example.com,Bronze,2025-04-30T10:47:15
98,Adrian Ferguson,brandon08@example.com,Bronze,2025-09-04T10:47:15
99,Beth Oneill,agarcia@example.net,Silver,2025-03-07T10:47:15
100,John Peterson,kingmichelle@example.org,Silver,2025-10-18T10:47:15
101,Jennifer Jones,hernandezlisa@example.com,Gold,2025-05-03T10:47:15
102,David Grant,yobrien@example.net,Bronze,2025-07-26T10:47:15
103,Joseph Hayes,levans@example.com,Silver,2025-02-17T10:47:15
104,Marc Lynch,mezajared@example.org,Bronze,2025-06-29T10:47:15
105,Brad Allen,moorericky@example.net,Gold,2025-08-26T10:47:15
106,Doris Hall,jacqueline71@example.net,Silver,2025-01-26T10:47:15
107,Dennis Moody,ronaldstephens@example.net,Bronze,2025-11-25T10:47:15
108,Derek Thomas,martinkyle@example.net,Silver,2025-07-24T10:47:15
109,Tammy Gonzales,sbarker@example.com,Bronze,2025-02-23T10:47:15
110,Kathryn Snyder,georgepamela@example.net,Silver,2025-04-06T10:47:15
111,David Davis,keyemily@example.com,Bronze,2025-03-11T10:47:15
112,Pamela Thompson,lmoon@example.net,Silver,2025-05-21T10:47:15
113,Robert Costa,vbailey@example.com,Bronze,2025-02-06T10:47:15
114,Shannon Rivera,zroberts@example.net,Bronze,2025-10-07T10:47:15
115,Brandon King,cordovarichard@example.net,Gold,2025-10-02T10:47:15
116,April Booth,mgutierrez@example.net,Gold,2025-02-15T10:47:15
117,Peter Garrett,harrisandrea@example.com,Bronze,2025-04-30T10:47:15
118,Michael Martinez,jennifercollins@example.org,Silver,2025-09-04T10:47:15
119,Anna Gay,murraydavid@example.org,Gold,2025-07-23T10:47:15
120,Dr. Jordan Hill PhD,jsanchez@example.org,Bronze,2025-03-24T10:47:15
121,Thomas Romero,michellehill@example.com,Bronze,2025-07-17T10:47:15
122,Richard Adams,campbellkenneth@example.net,Bronze,2025-08-19T10:47:15
123,Mary Grimes,wryan@example.com,Silver,2025-10-10T10:47:15
124,Kimberly Gibson,molly39@example.com,Bronze,2025-09-05T10:47:15
125,Reginald Williams,zthornton@example.com,Bronze,2025-05-30T10:47:15
126,Matthew Hoover,tylerjohnson@example.net,Silver,2025-01-28T10:47:15
127,Evelyn Garcia,dgarcia@example.org,Bronze,2025-10-03T10:47:15
128,Jennifer Pena,charlesharrington@example.com,Bronze,2025-06-08T10:47:15
129,Michael Santos,melissa86@example.com,Silver,2025-10-25T10:47:15
130,Stacy Freeman,williamsonjimmy@example.net,Bronze,2025-09-27T10:47:15
131,Yolanda Francis,wgood@example.net,Bronze,2025-09-16T10:47:15
132,Ashlee Jackson,rebecca05@example.org,Bronze,2025-04-04T10:47:15
133,James Thomas,yknight@example.org,Silver,2025-02-02T10:47:15
134,Bob Pitts,tyleraguilar@example.org,Bronze,2025-04-29T10:47:15
135,David Scott,nolansteven@example.com,Bronze,2025-10-17T10:47:15
136,Brooke Alexander,vanessa46@example.net,Bronze,2025-10-30T10:47:15
137,Ryan Gonzalez,gcastaneda@example.org,Bronze,2025-02-09T10:47:15
138,Ian Phillips,andrew64@example.org,Silver,2025-10-24T10:47:15
139,Melissa Garner,lozanojulie@example.com,Gold,2025-06-09T10:47:15
140,Crystal Pham,danaoliver@example.net,Silver,2025-04-13T10:47:15
141,Patricia Becker,courtneyberger@example.net,Bronze,2025-06-08T10:47:15
142,Richard Johnson,jessica14@example.com,Bronze,2025-07-20T10:47:15
143,Casey Anderson,alyssa42@example.com,Bronze,2025-11-25T10:47:15
144,Terry Coffey,julie51@example.com,Gold,2025-06-09T10:47:15
145,Brenda Levy,zcoffey@example.net,Bronze,2025-02-05T10:47:15
146,Richard Smith,gibsonemily@example.net,Platinum,2025-11-13T10:47:15
147,James Little,daniel37@example.org,Bronze,2025-02-19T10:47:15
148,Terri Murphy,deborahreid@example.com,Silver,2025-04-18T10:47:15
149,Elizabeth Ortiz,brandonjohnson@example.com,Gold,2025-03-07T10:47:15
150,David Medina,qchavez@example.net,Gold,2025-02-03T10:47:15
151,Kimberly Matthews,nicolepena@example.com,Bronze,2025-07-07T10:47:15
152,Teresa Ramirez,jeff73@example.com,Gold,2025-08-11T10:47:15
153,Michael Stephens,bruce43@example.org,Silver,2025-06-02T10:47:15
154,Samantha Davis,darleneharper@example.org,Bronze,2025-09-26T10:47:15
155,Gavin Zhang,caseyhubbard@example.org,Bronze,2025-10-09T10:47:15
156,Robin Hall,kristinacarlson@example.com,Gold,2025-02-21T10:47:15
157,Brianna Anderson,lauren10@example.org,Bronze,2025-03-08T10:47:15
158,Richard Young,alfred40@example.org,Silver,2025-02-22T10:47:15
159,Kelly Reese,xwest@example.net,Bronze,2025-03-19T10:47:15
160,Jodi Walker,acostaregina@example.net,Bronze,2025-11-04T10:47:15
161,Judith Maynard,lutzmelanie@example.com,Bronze,2025-06-23T10:47:15
162,Katherine Browning,lammarc@example.org,Gold,2025-11-19T10:47:15
163,Donald Schultz,oscar98@example.com,Silver,2025-09-14T10:47:15
164,Larry Garcia,farrelldebra@example.net,Bronze,2025-01-25T10:47:15
165,Cindy Hayes,robertwilcox@example.com,Gold,2025-08-03T10:47:15
166,Brandon Simmons,nicholas27@example.org,Bronze,2025-01-21T10:47:15
167,Bradley Reynolds,lisa80@example.net,Silver,2025-03-06T10:47:15
168,Kristina Santiago,qgomez@example.com,Bronze,2025-05-13T10:47:15
169,Michelle Schmitt,michael98@example.org,Silver,2025-08-13T10:47:15
170,John Boone,megan51@example.com,Silver,2025-08-05T10:47:15
171,Renee Bruce,lynchdiane@example.net,Bronze,2025-02-25T10:47:15
172,Christopher Park,sandra50@example.org,Silver,2025-03-16T10:47:15
173,Kylie Morales,joycebonilla@example.org,Silver,2025-07-07T10:47:15
174,Cindy Barnes,eric45@example.net,Bronze,2025-03-15T10:47:15
175,Sophia Moore,craigjoseph@example.net,Bronze,2025-01-20T10:47:15
176,Lawrence Perry,kariwilson@example.com,Gold,2025-01-19T10:47:15
177,Michael Watkins,brandon69@example.org,Silver,2025-04-16T10:47:15
178,Eric Clark,kathrynroberts@example.org,Bronze,2025-02-20T10:47:15
179,Paul Thompson,opatel@example.net,Gold,2025-10-12T10:47:15
180,Mary Gomez,chensley@example.com,Platinum,2025-07-26T10:47:15
181,Thomas Atkins,tberry@example.net,Gold,2025-03-19T10:47:15
182,Brian Smith,george97@example.net,Gold,2025-04-30T10:47:15
183,Anita Richard,ryanmorales@example.org,Gold,2025-03-30T10:47:15
184,Eric Morgan,kimberly18@example.net,Bronze,2025-01-11T10:47:15
185,Jordan Bullock,michael23@example.org,Gold,2025-06-18T10:47:15
186,Craig Morrison,thompsonkendra@example.com,Gold,2025-07-28T10:47:15
187,Justin Riley,michelle52@example.com,Bronze,2025-05-06T10:47:15
188,Jeremy Turner,brittany58@example.org,Bronze,2025-02-23T10:47:15
189,Jesse Brown,chase19@example.net,Gold,2025-01-18T10:47:15
190,Julie Spencer,colelisa@example.net,Bronze,2025-04-22T10:47:15
191,Larry Mason,hayeslisa@example.com,Bronze,2025-08-22T10:47:15
192,Mrs. Maria Williams,hritter@example.net,Bronze,2025-04-25T10:47:15
193,Helen Hardin,vortiz@example.net,Bronze,2025-04-07T10:47:15
194,Rachel Holland,riveraangela@example.com,Gold,2025-05-21T10:47:15
195,Nathaniel Douglas,mathewaguilar@example.org,Bronze,2025-05-21T10:47:15
196,Emily Douglas,tanderson@example.org,Bronze,2025-09-16T10:47:15
197,James Conner,elizabethcalderon@example.net,Bronze,2025-09-30T10:47:15
198,Susan Davis DDS,andrew42@example.org,Bronze,2025-01-13T10:47:15
199,Ralph Lee,ericphillips@example.org,Bronze,2025-05-12T10:47:15
200,Kimberly Rodgers,stanleynancy@example.net,Bronze,2025-05-14T10:47:15
201,James Martin,jenniferwilliams@example.com,Bronze,2025-10-31T10:47:15
202,Cynthia Wallace,karen73@example.net,Bronze,2025-06-08T10:47:15
203,Vincent Mueller,michealvalentine@example.com,Bronze,2025-09-17T10:47:15
204,Douglas Reyes,mburch@example.net,Bronze,2025-10-21T10:47:15
205,David Davidson,angela18@example.org,Silver,2025-01-21T10:47:15
206,Phillip Nelson,mariahdavis@example.org,Silver,2024-12-30T10:47:15
207,Stacey Arias,gbrown@example.com,Silver,2025-10-01T10:47:15
208,Zachary Brooks,florescory@example.net,Bronze,2025-04-09T10:47:15
209,Raven Taylor,samantha72@example.net,Gold,2025-02-03T10:47:15
210,Luis Bullock,scottmary@example.net,Silver,2025-06-17T10:47:15
211,Lisa Henderson,john10@example.org,Silver,2025-03-03T10:47:15
212,Riley Bryant,copelandvincent@example.net,Silver,2025-06-01T10:47:15
213,Jose Allen,kellysmith@example.com,Bronze,2025-07-27T10:47:15
214,Jason Beck,millsmichael@example.net,Silver,2025-05-30T10:47:15
215,Rachel Romero,myerstheodore@example.net,Bronze,2025-04-07T10:47:15
216,James Burgess,kristina53@example.net,Silver,2025-07-12T10:47:15
217,Ashley Perkins,dennis58@example.com,Silver,2025-03-29T10:47:15
218,Carrie Maxwell,epollard@example.net,Bronze,2025-06-02T10:47:15
219,Chad Baldwin,mjohnson@example.org,Bronze,2024-12-30T10:47:15
220,Stacey Stewart,zachary87@example.com,Bronze,2025-04-16T10:47:15
221,Matthew Mitchell,glennmartin@example.org,Silver,2025-10-22T10:47:15
222,Jessica Ross,ykline@example.com,Silver,2025-06-12T10:47:15
223,Kathleen Jimenez,laurie61@example.com,Silver,2025-08-13T10:47:15
224,Samantha Gardner,curtis54@example.com,Silver,2025-09-17T10:47:15
225,Mitchell Jackson,cbell@example.net,Silver,2025-03-26T10:47:15
226,Heather Bolton,danielle01@example.net,Silver,2025-05-24T10:47:15
227,Heidi Owen,stephaniethomas@example.net,Silver,2025-11-19T10:47:15
228,Jessica Martinez,kimberlydiaz@example.com,Gold,2025-02-15T10:47:15
229,Amanda Hernandez,xrush@example.com,Silver,2025-04-29T10:47:15
230,Laura Moreno,redwards@example.org,Gold,2025-04-24T10:47:15
231,Allison Lopez,hmcintyre@example.com,Bronze,2025-03-15T10:47:15
232,Michele Lewis,heather73@example.org,Platinum,2025-05-04T10:47:15
233,Benjamin Thompson,zosborn@example.net,Gold,2025-11-07T10:47:15
234,Victoria Contreras,piercekelly@example.com,Silver,2025-02-05T10:47:15
235,Michelle Ho,laurahicks@example.org,Silver,2025-11-17T10:47:15
236,Dr. Cynthia Snyder,angela57@example.net,Silver,2025-07-14T10:47:15
237,Stephen Jones,ukey@example.com,Bronze,2025-05-03T10:47:15
238,Patricia Morrow,martinezlogan@example.org,Gold,2025-01-01T10:47:15
239,Michael Cooper,katrinaanderson@example.net,Gold,2025-02-22T10:47:15
240,Amy Martinez,kevinmartin@example.net,Bronze,2025-04-21T10:47:15
241,Travis Stone,meghan43@example.net,Silver,2025-09-21T10:47:15
242,Denise Weber,shawgary@example.net,Bronze,2025-10-11T10:47:15
243,Matthew Le,megan90@example.org,Silver,2025-03-02T10:47:15
244,Travis Wise,debra96@example.net,Silver,2025-08-24T10:47:15
245,Kathleen Burton,dawn47@example.org,Silver,2025-10-12T10:47:15
246,Melinda Evans,barkereric@example.com,Silver,2025-08-13T10:47:15
247,Mr. Lawrence Edwards,jessica56@example.org,Bronze,2025-09-14T10:47:15
248,Kayla Rodriguez,stevenadams@example.org,Bronze,2025-10-06T10:47:15
249,Anthony Dougherty,kwright@example.com,Silver,2025-03-21T10:47:15
250,Michelle Lee,tyronerobertson@example.com,Silver,2025-08-30T10:47:15
251,Kathleen Davis,pwagner@example.org,Gold,2025-05-05T10:47:15
252,Amber Campbell,amitchell@example.org,Gold,2025-05-20T10:47:15
253,Stephen Luna,zdiaz@example.org,Silver,2025-09-22T10:47:15
254,Chloe Tran,hughesshannon@example.net,Bronze,2025-05-01T10:47:15
255,William Becker,andersoncolin@example.com,Silver,2025-02-07T10:47:15
256,Gina Mcmillan,jameshicks@example.net,Bronze,2025-04-29T10:47:15
257,Andrew Reeves,jstone@example.net,Gold,2025-06-11T10:47:15
258,Brenda Velazquez,francisco94@example.net,Bronze,2025-02-09T10:47:15
259,Ronald Patel,thomas05@example.com,Bronze,2025-04-27T10:47:15
260,Veronica Silva,carlsonjoseph@example.net,Silver,2025-03-18T10:47:15
261,Paula Lane,silvageorge@example.net,Bronze,2025-01-31T10:47:15
262,Patricia James,anthonyvaughan@example.org,Silver,2025-06-17T10:47:15
263,Jeremy Barnes,avaughn@example.net,Bronze,2025-07-30T10:47:15
264,Tami Salas,thorntonapril@example.net,Bronze,2025-08-02T10:47:15
265,Matthew Fox,sue78@example.com,Gold,2025-10-25T10:47:15
266,Megan Dillon,chelsea33@example.com,Gold,2025-01-09T10:47:15
267,Courtney Dudley,kellie37@example.com,Bronze,2025-10-20T10:47:15
268,Justin Michael,keith98@example.com,Gold,2025-01-02T10:47:15
269,Jennifer Reed,kellyroberts@example.net,Gold,2025-05-31T10:47:15
270,Thomas Douglas,ilewis@example.com,Silver,2025-08-01T10:47:15
271,Melissa Taylor,johnsantiago@example.net,Gold,2025-10-05T10:47:15
272,David Garcia,jennifer12@example.org,Silver,2025-04-21T10:47:15
273,Vanessa Moore,mwoods@example.com,Bronze,2025-05-18T10:47:15
274,Matthew Velez,pearsonjesse@example.net,Bronze,2025-01-13T10:47:15
275,Taylor Gentry,robertmonroe@example.org,Silver,2025-07-25T10:47:15
276,Jennifer Simpson DVM,nancy04@example.net,Gold,2025-08-26T10:47:15
277,Tanya Rogers,ihays@example.net,Silver,2025-11-13T10:47:15
278,Todd Rosales MD,lisarivera@example.net,Silver,2025-07-19T10:47:15
279,David Lopez,krystal93@example.org,Bronze,2025-01-12T10:47:15
280,Margaret Sullivan,frobertson@example.com,Bronze,2025-08-06T10:47:15
281,Cathy Taylor,shari04@example.com,Bronze,2025-08-23T10:47:15
282,Paul Finley,brandi90@example.com,Bronze,2025-05-12T10:47:15
283,Melissa Brown,marshallerik@example.net,Silver,2025-04-17T10:47:15
284,Stephanie Padilla,hannah45@example.net,Gold,2025-06-20T10:47:15
285,Tyler Mendoza,madkins@example.com,Bronze,2025-07-12T10:47:15
286,Joshua Ruiz,kathleenbecker@example.net,Bronze,2025-08-02T10:47:15
287,Angela Griffin,christian91@example.org,Silver,2025-02-09T10:47:15
288,Stephanie Harris,franklinbond@example.com,Bronze,2025-10-02T10:47:15
289,Daniel Aguilar,nolansean@example.org,Bronze,2025-06-27T10:47:15
290,Jose Bryant,hansenemily@example.com,Gold,2025-02-03T10:47:15
291,Jennifer Velasquez,bethwilliams@example.com,Gold,2025-01-19T10:47:15
292,Kimberly Brown,andersenthomas@example.com,Bronze,2025-05-05T10:47:15
293,Randy Cannon,ybrooks@example.com,Silver,2025-01-09T10:47:15
294,Susan Bennett,desireebailey@example.org,Bronze,2025-05-01T10:47:15
295,Jenna Anderson DVM,avilatiffany@example.com,Silver,2025-02-26T10:47:15
296,Kimberly Patel,johnreed@example.com,Silver,2025-04-20T10:47:15
297,Shaun Cannon,pachecorobert@example.org,Gold,2025-05-10T10:47:15
298,Austin Wheeler,tharper@example.org,Silver,2025-03-25T10:47:15
299,Andrew Gonzales,karenparsons@example.org,Gold,2025-02-26T10:47:15
300,Donna Cabrera,barbara53@example.com,Platinum,2025-03-23T10:47:15
301,Victoria Boyd,dturner@example.net,Silver,2025-02-23T10:47:15
302,Sheryl Buck,dpeters@example.com,Silver,2025-06-07T10:47:15
303,Megan Floyd,heather62@example.com,Bronze,2025-07-10T10:47:15
304,Paul Wells,kevinzimmerman@example.com,Bronze,2025-04-10T10:47:15
305,Kristina Faulkner,paulscott@example.com,Bronze,2025-11-16T10:47:15
306,Tammy Boone,nicholsmaria@example.org,Gold,2025-06-02T10:47:15
307,Michael Morrison,lopezkathleen@example.net,Gold,2025-11-02T10:47:15
308,Claire Clark,kevin03@example.org,Gold,2025-10-15T10:47:15
309,Autumn Key,srocha@example.net,Silver,2025-06-25T10:47:15
310,Jennifer Allen,kimberly67@example.net,Bronze,2025-07-07T10:47:15
311,Elizabeth Ward,zowens@example.net,Bronze,2025-06-22T10:47:15
312,Ryan Rocha,lawrence09@example.org,Gold,2025-08-02T10:47:15
313,Alexis Tran,mphillips@example.com,Bronze,2025-02-22T10:47:15
314,Kelly Sanchez,jonathan77@example.com,Silver,2025-07-03T10:47:15
315,Robert Jackson,iwhite@example.net,Silver,2025-08-22T10:47:15
316,Kelly Combs,landryelizabeth@example.org,Bronze,2025-08-09T10:47:15
317,Ryan Hall,albertwagner@example.com,Platinum,2025-09-23T10:47:15
318,Mark Peck,bhopkins@example.org,Silver,2025-05-17T10:47:15
319,Jennifer Smith,amanda40@example.net,Gold,2025-10-01T10:47:15
320,Megan Drake,danieldavis@example.org,Bronze,2025-08-25T10:47:15
321,Manuel King,joseph61@example.com,Bronze,2025-10-29T10:47:15
322,Judy Sanchez,kevinclayton@example.org,Gold,2025-05-04T10:47:15
323,Shannon Malone,sullivannicholas@example.com,Bronze,2025-02-12T10:47:15
324,Adam Jackson,pbruce@example.com,Bronze,2025-08-17T10:47:15
325,Shannon Davis,hallrachel@example.net,Silver,2025-08-24T10:47:15
326,Karen Williams,cohenjuan@example.net,Bronze,2025-07-12T10:47:15
327,Amanda Mcfarland,alexis39@example.org,Gold,2025-09-09T10:47:15
328,Michelle Sanders,evansanne@example.net,Silver,2025-04-02T10:47:15
329,Jasmine Mosley,patrick21@example.net,Gold,2025-06-29T10:47:15
330,Haley Davis,marypeterson@example.net,Bronze,2025-06-22T10:47:15
331,Jennifer Ayala,walterskristen@example.com,Silver,2025-10-31T10:47:15
332,Henry Pugh MD,nmiller@example.com,Silver,2025-05-20T10:47:15
333,Michelle Miller,normanbowers@example.org,Gold,2025-09-20T10:47:15
334,Emily Rodriguez,hahnsean@example.com,Bronze,2025-02-11T10:47:15
335,Brandon Jordan,fgarcia@example.com,Silver,2025-07-26T10:47:15
336,Linda Mueller,asmith@example.com,Silver,2025-05-02T10:47:15
337,Misty Hansen,ashleyjackson@example.com,Silver,2025-11-25T10:47:15
338,Derrick Adams,bryanhamilton@example.com,Gold,2025-08-16T10:47:15
339,Richard Ward,jennifersimpson@example.net,Bronze,2025-02-15T10:47:15
340,Brian Torres,ncook@example.com,Silver,2025-07-25T10:47:15
341,Erin Cook,kevinmorrison@example.net,Silver,2025-06-04T10:47:15
342,Ernest Oconnell,kelly79@example.org,Silver,2025-07-06T10:47:15
343,Douglas Hartman,daniel93@example.net,Bronze,2025-09-27T10:47:15
344,Catherine Saunders MD,nhahn@example.com,Bronze,2025-10-07T10:47:15
345,Sandra Jones,ichambers@example.net,Bronze,2025-08-19T10:47:15
346,David Moore,emccormick@example.com,Bronze,2025-05-07T10:47:15
347,Karen Morales DDS,ystephens@example.com,Bronze,2025-04-07T10:47:15
348,Robin Wheeler,rodriguezjohn@example.net,Platinum,2025-09-30T10:47:15
349,Matthew Williams,vrasmussen@example.com,Bronze,2025-04-03T10:47:15
350,Brett Walker,seanmyers@example.net,Bronze,2025-09-03T10:47:15
351,Kathryn Cooper,webbkenneth@example.org,Platinum,2025-10-27T10:47:15
352,Todd Thomas,matthew38@example.com,Silver,2025-09-24T10:47:15
353,Brent Bowen,tflores@example.org,Gold,2025-02-19T10:47:15
354,Ashley Sweeney,byrdfrank@example.net,Bronze,2025-05-30T10:47:15
355,Christopher Moore,omullen@example.com,Bronze,2025-03-31T10:47:15
356,Charlotte Sandoval,njohnson@example.org,Bronze,2025-09-29T10:47:15
357,Jeffrey Smith,jamiegoodwin@example.org,Platinum,2025-01-22T10:47:15
358,Rebecca Herrera,mark71@example.com,Bronze,2025-10-09T10:47:15
359,Katherine Church,candice96@example.net,Silver,2025-03-04T10:47:15
360,Harold Ellis,lisamccarthy@example.com,Bronze,2025-09-07T10:47:15
361,Leslie Powers,david41@example.org,Silver,2025-01-05T10:47:15
362,Charles Price,baileyhenderson@example.com,Silver,2025-08-27T10:47:15
363,Melissa Brewer,angelaburns@example.org,Bronze,2025-06-22T10:47:15
364,Ryan Harvey,stephanie72@example.org,Bronze,2025-01-25T10:47:15
365,Tracey Wagner,fortiz@example.com,Bronze,2025-08-31T10:47:15
366,Jill Jackson,flynnjeffrey@example.org,Bronze,2025-02-01T10:47:15
367,Joshua Jackson,xcunningham@example.com,Silver,2025-02-05T10:47:15
368,Ashley Wilson,amber07@example.net,Bronze,2025-01-26T10:47:15
369,Jeffery Fitzgerald,kennethkidd@example.com,Gold,2025-10-14T10:47:15
370,Scott Miller,rowejoel@example.net,Platinum,2025-02-11T10:47:15
371,Heather Page,imartin@example.org,Silver,2025-02-28T10:47:15
372,Renee Hudson,candice25@example.net,Silver,2025-07-31T10:47:15
373,Kenneth Farley,taylorkaren@example.com,Bronze,2025-11-11T10:47:15
374,Wendy Camacho,jacquelineanderson@example.org,Bronze,2025-09-23T10:47:15
375,Sandra Juarez,kburns@example.net,Bronze,2025-08-13T10:47:15
376,Jason Hayes,powellkara@example.net,Platinum,2025-10-27T10:47:15
377,Jackie Clements,brandi17@example.net,Silver,2025-06-04T10:47:15
378,Heather Brown,brobinson@example.org,Silver,2025-01-29T10:47:15
379,Frank Campbell MD,ashleewashington@example.com,Gold,2025-02-18T10:47:15
380,Pamela Williams,ksmith@example.com,Silver,2025-04-15T10:47:15
381,William Patterson,nicoleturner@example.com,Silver,2025-05-14T10:47:15
382,Isaac Miller,brettgarrett@example.net,Bronze,2025-03-20T10:47:15
383,Cynthia Rios,smiththomas@example.org,Bronze,2025-10-08T10:47:15
384,Kelly Wallace,dominguezlisa@example.com,Bronze,2024-12-31T10:47:15
385,Karen Perez,crosscurtis@example.com,Silver,2025-10-30T10:47:15
386,Edwin Reyes,darlenebyrd@example.org,Bronze,2025-01-15T10:47:15
387,Alejandra Santos,nbell@example.net,Silver,2025-05-23T10:47:15
388,Tamara Jensen,fheath@example.org,Bronze,2025-08-19T10:47:15
389,Bryce Blair,sylvia52@example.org,Gold,2025-04-28T10:47:15
390,Bradley Tran,kimberly04@example.org,Silver,2025-11-15T10:47:15
391,Katrina Adkins,debbie37@example.com,Bronze,2025-04-10T10:47:15
392,Jonathan Wheeler,hatfieldsarah@example.org,Bronze,2025-10-04T10:47:15
393,Ryan Fisher,kathrynbest@example.org,Gold,2025-03-16T10:47:15
394,Austin Baker,livingstonstacy@example.com,Bronze,2025-03-12T10:47:15
395,Lori Mason,zhenderson@example.org,Gold,2025-03-24T10:47:15
396,Kimberly Hernandez,collinswilliam@example.org,Silver,2025-10-30T10:47:15
397,Brittney Murphy,collinssamuel@example.org,Gold,2025-10-17T10:47:15
398,Brandon Hamilton,dsalazar@example.com,Bronze,2025-08-11T10:47:15
399,Mary Thompson,zimmermanjacqueline@example.org,Silver,2025-06-03T10:47:15
400,Gregory Holmes PhD,gary24@example.net,Silver,2025-05-18T10:47:15
401,Patricia Johnson,enelson@example.com,Bronze,2025-09-08T10:47:15
402,Laura Jones,ddixon@example.com,Bronze,2025-11-01T10:47:15
403,Carol Moore,shannonemily@example.org,Silver,2025-08-08T10:47:15
404,Jordan Williams,sanchezthomas@example.com,Bronze,2025-11-04T10:47:15
405,Cassidy Horne,tranrobin@example.net,Bronze,2025-02-14T10:47:15
406,Courtney Wright,joseph19@example.com,Silver,2025-10-20T10:47:15
407,Michael Williams,lindajarvis@example.com,Platinum,2025-01-09T10:47:15
408,John Campbell,mark87@example.org,Silver,2025-05-16T10:47:15
409,Eddie Mueller,stevenvargas@example.com,Silver,2025-03-29T10:47:15
410,Dr. Morgan Payne PhD,adamortiz@example.org,Gold,2025-08-13T10:47:15
411,Makayla Steele,tapiaaaron@example.net,Platinum,2025-04-01T10:47:15
412,Oscar Parker,alyssaallen@example.com,Silver,2025-08-10T10:47:15
413,Valerie Thomas,christopher38@example.com,Platinum,2025-09-07T10:47:15
414,Jacqueline Villegas,carpenterwilliam@example.net,Bronze,2025-08-27T10:47:15
415,Angela Bradley,ibates@example.org,Bronze,2025-06-18T10:47:15
416,Samuel Howe,vhaynes@example.com,Gold,2025-02-21T10:47:15
417,Dillon Jones,derekcarrillo@example.org,Bronze,2025-06-16T10:47:15
418,Christopher Owens,wmartinez@example.org,Bronze,2025-09-09T10:47:15
419,John Phelps,mooregina@example.net,Gold,2025-07-23T10:47:15
420,Amanda Huff,eddie35@example.com,Bronze,2025-10-07T10:47:15
421,Megan Green,anthonysullivan@example.com,Bronze,2025-02-13T10:47:15
422,Krista Davis,laradonald@example.org,Bronze,2025-06-13T10:47:15
423,Richard Walker,madisonwatson@example.net,Gold,2025-07-24T10:47:15
424,Angela Willis,johnsoncaleb@example.net,Silver,2024-12-30T10:47:15
425,Carl Stein,david70@example.org,Silver,2025-10-03T10:47:15
426,Jessica Ramsey,rjohnson@example.com,Bronze,2025-01-26T10:47:15
427,Daniel Lopez,sean20@example.net,Silver,2025-07-03T10:47:15
428,Danielle Phillips,eandrade@example.org,Silver,2025-09-11T10:47:15
429,James Barnes,crystalpham@example.org,Bronze,2025-01-25T10:47:15
430,Rachael Howard DDS,kcooper@example.net,Bronze,2025-10-07T10:47:15
431,Devin Johnson,anthonycochran@example.com,Bronze,2025-05-26T10:47:15
432,William Moreno,terrigarcia@example.net,Bronze,2025-09-04T10:47:15
433,Joseph Moody,gallagherstacie@example.net,Silver,2025-11-17T10:47:15
434,Rebecca Kelly,gregorywatkins@example.net,Silver,2025-05-01T10:47:15
435,Suzanne Johnson,stacey92@example.net,Silver,2025-06-07T10:47:15
436,Sara Cochran,lweaver@example.com,Bronze,2025-10-08T10:47:15
437,Anthony Guzman,foxaaron@example.net,Platinum,2025-04-24T10:47:15
438,Carlos Love,brian29@example.net,Silver,2025-02-26T10:47:15
439,Patricia Mathis,susan56@example.net,Silver,2025-02-28T10:47:15
440,Eric Taylor,jessicakim@example.net,Silver,2025-03-18T10:47:15
441,Marie Thompson,jeffrey92@example.com,Silver,2025-05-28T10:47:15
442,Michael Anderson,rushstacy@example.com,Bronze,2025-05-18T10:47:15
443,Patricia Bradley,carriemccall@example.net,Platinum,2025-09-03T10:47:15
444,Keith Zuniga,markmiller@example.com,Silver,2025-05-03T10:47:15
445,Mrs. Stacey Davis,sean43@example.org,Bronze,2025-03-14T10:47:15
446,Hayley Buchanan,williamssamuel@example.com,Silver,2025-11-01T10:47:15
447,Stacey Snyder,ybell@example.org,Gold,2025-03-09T10:47:15
448,Rachel Lane,franciscojones@example.org,Gold,2025-05-20T10:47:15
449,Fernando Lynn,petersonpamela@example.org,Bronze,2025-07-30T10:47:15
450,Kimberly Villanueva,morgantricia@example.com,Bronze,2025-09-15T10:47:15
451,Jessica Valdez,gmoore@example.com,Bronze,2024-12-31T10:47:15
452,Colton Terry,donna43@example.org,Gold,2025-05-31T10:47:15
453,Kenneth Larsen,briansmith@example.org,Platinum,2025-10-22T10:47:15
454,Matthew Greene,collinclark@example.net,Gold,2025-09-06T10:47:15
455,Bradley Anthony,kristen77@example.net,Silver,2025-08-15T10:47:15
456,Martin Hughes,nicole52@example.com,Bronze,2025-06-24T10:47:15
457,Jeremiah Baker,anne21@example.org,Bronze,2025-10-04T10:47:15
458,Rhonda Gutierrez,angelarandall@example.net,Gold,2025-06-12T10:47:15
459,Joseph Camacho,parmstrong@example.com,Silver,2025-05-01T10:47:15
460,James Nash,shawrachel@example.net,Gold,2025-04-28T10:47:15
461,Lisa Martinez,kthompson@example.org,Bronze,2025-07-28T10:47:15
462,Beth Henderson,oharris@example.org,Silver,2025-08-29T10:47:15
463,Deanna Bartlett,millerangela@example.net,Bronze,2025-07-13T10:47:15
464,Donald Ellis,buchanancindy@example.net,Silver,2025-03-17T10:47:15
465,Ashley Hernandez,buckleyanna@example.org,Bronze,2025-01-17T10:47:15
466,Sharon Beard,pbaker@example.com,Bronze,2025-10-28T10:47:15
467,Kara Jackson,mthomas@example.net,Gold,2025-02-19T10:47:15
468,Amanda Preston,hannah07@example.com,Bronze,2025-08-12T10:47:15
469,Alicia Roth,larry71@example.org,Bronze,2025-08-20T10:47:15
470,William Ramos,joseph69@example.net,Bronze,2025-03-13T10:47:15
471,Jeremy Mcintyre,wfigueroa@example.net,Bronze,2025-03-19T10:47:15
472,Samantha Robertson,cameronmckinney@example.com,Bronze,2025-05-14T10:47:15
473,Samuel Suarez,thompsonnancy@example.org,Silver,2025-07-21T10:47:15
474,Danielle Bryant,janet45@example.com,Gold,2025-06-16T10:47:15
475,Madison Martinez,allentracy@example.com,Bronze,2025-09-29T10:47:15
476,Seth Matthews,max41@example.com,Silver,2025-06-10T10:47:15
477,Anthony Nash,mercedesholland@example.net,Gold,2025-09-05T10:47:15
478,Matthew Palmer,wellsdavid@example.org,Silver,2025-01-17T10:47:15
479,Alejandra King,jennifer46@example.com,Silver,2025-04-29T10:47:15
480,Judy Robinson,erica96@example.net,Platinum,2025-05-26T10:47:15
481,Jorge Bates,anna99@example.com,Bronze,2025-02-14T10:47:15
482,Brian Brown,danielle44@example.net,Gold,2025-02-18T10:47:15
483,Stephanie Evans,zacharyallen@example.org,Bronze,2025-02-19T10:47:15
484,Rebekah Greene,erin07@example.com,Gold,2025-06-01T10:47:15
485,Jason Price,aguilarwanda@example.org,Bronze,2025-01-22T10:47:15
486,Micheal Parks,qknox@example.com,Bronze,2025-01-27T10:47:15
487,Sarah Pittman,kellyruiz@example.net,Bronze,2025-07-09T10:47:15
488,Robert Hines,staceylam@example.net,Silver,2025-05-04T10:47:15
489,Henry Garner,robert55@example.com,Silver,2025-10-15T10:47:15
490,Julie Wilson,delacruzbrandy@example.net,Bronze,2025-04-01T10:47:15
491,Steve Mason,amoreno@example.org,Silver,2025-02-08T10:47:15
492,Brittany Gay,robert97@example.org,Silver,2025-07-13T10:47:15
493,Mike Maxwell,lcook@example.com,Silver,2025-05-02T10:47:15
494,Abigail Hill,barbaramoore@example.org,Bronze,2025-10-24T10:47:15
495,Jeffrey Jordan,ysanford@example.org,Silver,2025-08-23T10:47:15
496,Curtis Watson,mcclainkatherine@example.net,Bronze,2025-08-22T10:47:15
497,Michael Sims,jeremywiley@example.com,Gold,2025-01-03T10:47:15
498,James Chapman,cameronwilliams@example.com,Gold,2025-08-25T10:47:15
499,Joseph Warren,ibarron@example.com,Bronze,2025-10-05T10:47:15
500,Katherine Christensen MD,osmith@example.net,Gold,2025-08-13T10:47:15
