product_id,product_name,category,unit_price
1,De-engineered didactic superstructure,Beauty,137.07
2,Ameliorated optimizing middleware,Clothing,311.72
3,Down-sized bottom-line hierarchy,Clothing,380.93
4,Universal solution-oriented utilization,Home,449.72
5,Automated homogeneous productivity,Clothing,51.12
6,Function-based zero administration monitoring,Clothing,258.86
7,Secured actuating policy,Beauty,135.61
8,Business-focused stable benchmark,Sports,135.32
9,Streamlined 3rdgeneration application,Sports,180.23
10,Team-oriented bifurcated instruction set,Electronics,256.19
11,Organic homogeneous capability,Sports,351.02
12,Reactive eco-centric leverage,Electronics,410.09
13,Total coherent database,Sports,225.29
14,Team-oriented systemic product,Grocery,349.87
15,Advanced exuding instruction set,Home,274.55
16,Switchable bandwidth-monitored protocol,Grocery,101.29
17,Programmable encompassing process improvement,Home,280.73
18,Robust tangible challenge,Sports,340.87
19,Operative bi-directional migration,Sports,307.5
20,Up-sized regional capability,Home,284.01
21,Horizontal bifurcated toolset,Sports,292.09
22,Customer-focused modular customer loyalty,Grocery,355.61
23,Robust dedicated time-frame,Electronics,262.28
24,Fundamental multi-state customer loyalty,Sports,62.18
25,Multi-channeled tertiary installation,Grocery,149.38
26,Implemented cohesive analyzer,Clothing,81.92
27,Reactive modular database,Home,354.68
28,Team-oriented mission-critical groupware,Grocery,240.53
29,Front-line 24hour access,Grocery,374.31
30,Synchronized background budgetary management,Grocery,411.62
31,Re-engineered static methodology,Clothing,435.44
32,Distributed background time-frame,Grocery,336.84
33,Profound asynchronous success,Grocery,362.59
34,Up-sized bandwidth-monitored extranet,Clothing,433.43
35,Stand-alone discrete knowledgebase,Home,340.23
36,Implemented empowering Local Area Network,Home,387.55
37,Business-focused bandwidth-monitored conglomeration,Sports,304.62
38,Balanced explicit hierarchy,Clothing,435.39
39,Synergistic foreground interface,Beauty,166.82
40,User-centric bifurcated attitude,Clothing,9.71
41,Virtual 6thgeneration access,Beauty,58.68
42,Devolved stable project,Grocery,303.92
43,Down-sized full-range help-desk,Sports,120.56
44,Organic regional flexibility,Clothing,370.71
45,Upgradable background hub,Grocery,51.88
46,Mandatory contextually-based budgetary management,Home,214.01
47,Open-architected impactful knowledgebase,Beauty,398.31
48,Future-proofed human-resource solution,Beauty,149.95
49,Polarized intangible projection,Beauty,102.34
50,Down-sized bifurcated capacity,Electronics,287.21
51,Total uniform approach,Clothing,409.54
52,Diverse bi-directional instruction set,Grocery,293.39
53,Reverse-engineered mission-critical website,Electronics,65.91
54,Re-contextualized systematic intranet,Electronics,139.4
55,Enterprise-wide reciprocal implementation,Clothing,55.35
56,Vision-oriented heuristic pricing structure,Home,399.66
57,Assimilated systemic superstructure,Home,177.03
58,De-engineered mission-critical matrix,Grocery,302.87
59,Customizable incremental intranet,Sports,314.48
60,Balanced asymmetric firmware,Beauty,190.64
61,Streamlined foreground access,Sports,327.93
62,Triple-buffered systematic moderator,Clothing,295.92
63,Visionary value-added orchestration,Clothing,278.39
64,Up-sized non-volatile definition,Grocery,18.11
65,Synchronized global model,Grocery,100.51
66,Programmable system-worthy standardization,Clothing,427.92
67,Secured bandwidth-monitored Internet solution,Grocery,47.86
68,Switchable upward-trending encryption,Sports,167.52
69,Polarized grid-enabled protocol,Sports,163.65
70,Synergistic secondary info-mediaries,Clothing,126.68
71,Distributed next generation pricing structure,Electronics,427.23
72,Business-focused 24/7 project,Clothing,44.43
73,Diverse motivating leverage,Home,290.02
74,Proactive composite archive,Beauty,437.09
75,Versatile mobile Graphic Interface,Electronics,354.8
76,Front-line full-range focus group,Home,445.01
77,Business-focused motivating definition,Beauty,95.12
78,Reactive secondary implementation,Beauty,96.0
79,Open-architected disintermediate artificial intelligence,Home,366.53
80,Persevering leadingedge website,Home,150.2
81,Re-engineered local array,Home,355.63
82,Proactive local functionalities,Beauty,4.77
83,Decentralized modular synergy,Home,444.43
84,Streamlined 3rdgeneration benchmark,Beauty,115.42
85,Open-architected incremental alliance,Home,52.58
86,Realigned neutral ability,Electronics,62.35
87,Cross-group real-time process improvement,Grocery,356.23
88,Sharable exuding migration,Home,266.42
89,Realigned demand-driven projection,Electronics,81.3
90,Synchronized logistical Graphical User Interface,Electronics,60.1
91,Multi-lateral actuating definition,Clothing,238.4
92,Persevering full-range open architecture,Sports,31.88
93,Visionary regional policy,Clothing,350.88
94,Phased transitional protocol,Beauty,268.57
95,Multi-lateral transitional knowledge user,Clothing,228.46
96,Customizable bandwidth-monitored task-force,Beauty,22.86
97,Switchable directional ability,Sports,236.33
98,Mandatory heuristic productivity,Clothing,290.75
99,Implemented neutral model,Electronics,30.66
100,Multi-layered tangible benchmark,Clothing,381.82
101,Balanced composite methodology,Clothing,309.84
102,Devolved transitional synergy,Clothing,321.59
103,Up-sized incremental benchmark,Clothing,36.31
104,Function-based reciprocal customer loyalty,Electronics,147.32
105,Ergonomic bottom-line infrastructure,Home,32.83
106,Extended logistical toolset,Grocery,282.26
107,Ergonomic transitional Graphical User Interface,Beauty,248.34
108,Customer-focused web-enabled instruction set,Grocery,173.57
109,Balanced scalable service-desk,Beauty,240.39
110,Reverse-engineered bottom-line throughput,Clothing,229.23
111,Organized logistical protocol,Clothing,47.78
112,Reverse-engineered motivating challenge,Sports,54.59
113,Proactive 24hour moderator,Sports,294.13
114,User-centric actuating neural-net,Beauty,325.36
115,Optional optimal matrices,Home,195.53
116,Profound zero-defect conglomeration,Home,188.27
117,Team-oriented optimal conglomeration,Clothing,181.53
118,Upgradable clear-thinking benchmark,Sports,45.96
119,Networked stable policy,Clothing,143.04
120,Robust fresh-thinking middleware,Grocery,170.63
121,Networked intangible portal,Home,310.17
122,Team-oriented well-modulated encryption,Clothing,33.48
123,Grass-roots hybrid Graphical User Interface,Electronics,45.13
124,Implemented local workforce,Electronics,335.96
125,Devolved client-driven installation,Grocery,365.95
126,Robust tangible synergy,Beauty,30.28
127,Profound exuding standardization,Beauty,254.29
128,Reactive foreground structure,Sports,58.08
129,User-centric neutral product,Grocery,393.57
130,Extended dedicated database,Clothing,391.1
131,Secured transitional frame,Sports,26.47
132,Synergized grid-enabled service-desk,Grocery,271.58
133,De-engineered tertiary projection,Grocery,49.76
134,Enhanced motivating moratorium,Beauty,98.49
135,Team-oriented scalable Graphic Interface,Sports,218.8
136,Triple-buffered bifurcated task-force,Electronics,159.83
137,Multi-channeled next generation matrices,Beauty,167.62
138,Reduced object-oriented secured line,Grocery,259.84
139,Triple-buffered intangible service-desk,Clothing,380.86
140,User-friendly national forecast,Beauty,277.46
141,Optimized 24/7 model,Sports,252.08
142,Customer-focused 4thgeneration implementation,Beauty,418.34
143,Digitized actuating secured line,Sports,122.92
144,Centralized dedicated flexibility,Home,125.52
145,Versatile zero tolerance complexity,Grocery,414.97
146,Horizontal systemic extranet,Grocery,6.23
147,Digitized analyzing solution,Home,256.36
148,Implemented demand-driven system engine,Clothing,34.57
149,Quality-focused 5thgeneration help-desk,Sports,286.21
150,Organized bi-directional pricing structure,Electronics,44.47
151,Synergistic user-facing open architecture,Beauty,99.56
152,Face-to-face value-added project,Clothing,206.05
153,Realigned human-resource encoding,Home,168.73
154,Profound zero tolerance utilization,Sports,148.34
155,Total executive solution,Beauty,269.71
156,Synchronized actuating implementation,Electronics,72.97
157,Networked intangible toolset,Beauty,25.72
158,Synergized foreground neural-net,Electronics,124.99
159,Business-focused 24/7 synergy,Sports,192.82
160,Function-based dedicated process improvement,Beauty,200.87
161,Vision-oriented leadingedge definition,Grocery,99.75
162,Sharable tertiary strategy,Beauty,54.32
163,Stand-alone holistic system engine,Clothing,53.01
164,Reverse-engineered needs-based support,Sports,306.44
165,Robust dedicated time-frame,Clothing,238.78
166,Up-sized content-based frame,Grocery,23.78
167,Organized context-sensitive software,Clothing,443.05
168,Compatible contextually-based conglomeration,Electronics,6.93
169,User-centric multimedia capability,Grocery,425.59
170,Multi-tiered 6thgeneration interface,Home,344.7
171,Grass-roots next generation firmware,Grocery,150.01
172,De-engineered cohesive paradigm,Electronics,225.58
173,Function-based 24hour groupware,Clothing,81.95
174,Persistent tertiary collaboration,Clothing,241.3
175,Balanced coherent Graphic Interface,Home,226.87
176,Right-sized actuating time-frame,Sports,363.47
177,Self-enabling reciprocal protocol,Electronics,180.79
178,Innovative mobile utilization,Sports,22.39
179,Re-engineered neutral help-desk,Electronics,208.78
180,Compatible zero tolerance strategy,Electronics,388.43
181,Intuitive multi-tasking definition,Beauty,195.18
182,Enterprise-wide multi-state architecture,Clothing,320.29
183,Profit-focused cohesive instruction set,Clothing,132.77
184,Quality-focused national initiative,Clothing,12.81
185,Cross-group grid-enabled definition,Grocery,80.24
186,Extended stable groupware,Beauty,208.93
187,Managed high-level frame,Sports,414.18
188,Extended web-enabled process improvement,Electronics,198.49
189,Progressive methodical open architecture,Electronics,112.14
190,Versatile solution-oriented access,Beauty,182.3
191,Customizable static hardware,Electronics,180.21
192,Organized disintermediate project,Grocery,336.5
193,Seamless regional encryption,Home,152.22
194,Balanced systemic Graphic Interface,Home,37.6
195,Multi-tiered bifurcated info-mediaries,Sports,54.41
196,Function-based needs-based success,Beauty,90.08
197,Horizontal 4thgeneration model,Grocery,160.27
198,Visionary holistic migration,Sports,367.41
199,Profound local matrix,Home,49.4
200,Balanced explicit projection,Grocery,91.58
